645;740;23.766037,3.5949832,34.288309,15.667047;wms_request.py -count 1000 -region -180 -90 180 90 -minsize 256 256 -maxsize 1024 1024 -minres 0.002 -maxres 0.1
925;757;-8.8469994,-2.3338735,4.944893,8.9531131;
365;914;-162.88138,-77.27018,-148.95109,-42.387216;
616;320;-69.784324,60.48558,-50.050134,70.737108;
324;1023;87.556749,-26.389215,103.42696,23.719497;
418;730;121.13644,79.057612,126.31295,88.097915;
327;560;146.09237,-37.200462,156.9678,-18.575877;
384;429;-134.95183,-29.634903,-131.78588,-26.097934;
749;447;98.187442,65.975117,109.38943,72.660417;
336;722;90.75593,-39.224513,94.404604,-31.384208;
687;571;-88.260991,-83.789569,-86.32195,-82.177934;
513;1024;-83.612504,-58.070949,-48.822202,11.37402;
261;797;130.34648,73.620312,134.82906,87.308495;
299;825;16.866654,-37.922772,25.69263,-13.570164;
653;504;123.37657,20.565015,125.63741,22.309978;
521;970;-61.227945,24.079913,-29.512266,83.1283;
438;570;22.181135,-27.137628,32.291534,-13.98026;
992;637;-5.0704971,-4.9884731,30.367898,17.767835;
290;1015;68.676662,-87.302288,72.219847,-74.90114;
917;800;-34.32842,-24.068571,-20.033533,-11.597569;
790;1018;-79.929672,52.700516,-77.128813,56.309725;
1008;769;46.621435,-10.655456,50.571597,-7.6418904;
908;492;150.48512,31.892185,177.50347,46.532081;
736;912;-102.72947,70.340579,-88.31104,88.206893;
421;277;113.83932,74.666717,136.00265,89.24924;
725;452;141.8336,0.61797202,145.03166,2.611798;
964;503;-100.26567,-34.704221,-91.237786,-29.993612;
874;319;-11.893994,53.399941,74.044322,84.766443;
275;326;97.715936,-55.260055,98.528044,-54.297338;
488;448;68.483314,4.3246837,70.223221,5.9219755;
1014;851;113.40037,-12.506004,133.45166,4.3220515;
289;479;109.14243,-30.121489,111.2098,-26.694954;
955;930;-91.3393,-59.814922,-80.741935,-49.494975;
675;807;-145.90391,46.490313,-143.23297,49.683571;
363;431;13.199523,-63.471476,14.080276,-62.425733;
936;464;-93.198406,71.590115,-87.078693,74.623819;
612;932;25.574353,-39.645794,27.00181,-37.471955;
403;484;-109.14215,-22.136782,-98.976148,-9.9274922;
678;275;79.884964,62.861675,81.98768,63.714547;
440;580;-154.22,6.3552924,-151.61406,9.7903942;
918;475;-151.96499,76.573699,-130.35945,87.753035;
884;350;145.86609,3.8027165,165.04371,11.395664;
553;892;-152.56853,-3.7521074,-105.21931,72.62313;
516;390;53.272756,55.04939,56.246239,57.29679;
842;637;-67.352924,30.812168,-39.651448,51.769223;
321;871;-46.883464,48.977773,-35.516601,79.820571;
992;467;121.11053,34.844926,123.75142,36.088171;
732;408;-149.09563,11.874529,-140.46149,16.687002;
744;905;113.47743,-85.27679,115.40226,-82.935428;
391;671;-48.510016,29.805332,-32.894643,56.603069;
599;351;31.258922,-14.510517,47.645824,-4.9081756;
919;485;92.95455,-16.509026,103.11891,-11.144808;
989;820;-79.825739,-3.2283521,-74.455356,1.2243418;
784;601;151.45798,-83.098569,170.68846,-68.356838;
345;340;-134.20629,-39.671273,-127.05225,-32.620916;
888;338;-152.6544,-45.121263,-71.694515,-14.305452;
896;632;165.93541,-43.213967,176.8825,-35.492357;
260;987;-156.18275,-75.043778,-140.96344,-17.268927;
766;654;53.568646,-39.220307,56.066951,-37.087289;
515;608;8.5737554,34.339365,9.9645948,35.981365;
793;846;127.12646,85.212326,131.4507,89.825573;
792;828;-102.36735,-1.3101427,-61.365901,41.555013;
393;298;1.0127299,-46.130404,4.5053619,-43.482047;
838;270;-51.329824,76.662026,-49.232763,77.33769;
718;682;-61.985292,57.582566,-59.319571,60.114629;
757;520;-153.81582,2.102544,-151.75246,3.5199115;
360;270;16.723424,63.10401,23.939021,68.515708;
883;389;128.41991,-11.210043,136.54196,-7.631925;
837;686;-160.72713,-17.372653,-128.20466,9.2825643;
898;734;149.24392,-33.847368,166.09764,-20.071612;
831;898;-44.084884,-37.900942,-41.302766,-34.894513;
871;832;67.288201,-8.1732594,121.36808,43.485137;
519;822;32.028244,70.187947,36.802862,77.750059;
654;414;-7.1578326,-57.261212,-4.3950807,-55.512314;
714;578;-169.83503,49.798975,-165.26606,53.497661;
942;899;82.497717,-78.766341,99.439297,-62.598103;
500;821;35.63961,9.8780131,53.802407,39.701325;
1015;374;-113.84699,-2.1384605,-56.92666,18.835138;
722;297;-3.1447565,-36.838905,49.961705,-14.993173;
304;270;-104.59204,-0.35344174,-81.102183,20.509262;
640;900;38.910166,11.230854,43.699787,17.966259;
687;268;121.71188,18.323882,172.2739,38.048219;
263;641;-149.72611,-6.0981845,-146.7248,1.2168136;
273;794;-171.83058,72.71771,-168.78277,81.58204;
828;535;-137.23861,4.3780656,-131.15892,8.30637;
895;552;-99.536403,-37.875147,-83.221463,-27.812748;
578;884;130.13541,-52.936347,131.52196,-50.815741;
637;884;116.17119,52.517015,120.96715,59.172629;
873;451;-113.9007,-63.702722,-111.4787,-62.451492;
760;951;108.90836,-48.39338,121.33657,-32.841757;
451;372;3.6655293,65.557122,23.374966,81.814129;
451;599;177.03602,41.87575,179.25415,44.821787;
894;659;97.412006,-24.887138,162.61832,23.178815;
509;551;-53.725278,65.263524,-46.832532,72.725024;
633;688;14.363656,24.157991,57.915263,71.493703;
267;759;-26.365036,-78.042643,-25.572176,-75.788785;
856;700;-103.45844,23.081594,-101.34566,24.809337;
269;864;-72.968984,-37.663005,-48.815272,39.916205;
347;672;-21.236416,-84.438826,-14.867669,-72.105114;
887;611;-146.10061,-22.854549,-142.04663,-20.062012;
546;542;29.608797,53.011725,32.267145,55.650599;
587;765;-23.972917,-45.908844,-9.7745746,-27.405041;
662;415;95.811033,-22.520728,99.948095,-19.927253;
353;470;-17.33137,27.061342,-13.710549,31.882264;
382;659;-4.4773502,-33.679703,6.1689183,-15.313497;
378;386;-49.075107,58.603939,-48.080511,59.619584;
926;513;27.7878,3.6186024,55.652927,19.055763;
426;848;87.161421,61.576816,88.607091,64.454582;
256;956;26.720288,10.154021,29.763307,21.517797;
516;433;-47.936305,39.93558,-45.592787,41.902136;
296;943;160.04782,-6.7614985,170.37302,26.132647;
1013;722;65.226023,-62.313934,114.32811,-27.317185;
707;927;-20.620661,-35.908647,-13.553363,-26.642191;
722;489;92.900602,61.294168,101.97335,67.439005;
510;939;51.08102,-42.405558,53.577422,-37.809242;
717;546;2.1490531,-13.55428,35.057234,11.505506;
699;432;-55.119702,24.320958,9.5752976,64.304134;
933;838;-2.2637094,-20.040419,14.221369,-5.2338853;
511;817;0.23756865,50.187908,8.5209458,63.431586;
451;847;23.817163,-73.642847,25.588699,-70.315816;
423;853;110.70263,-33.107786,142.0406,30.08676;
630;283;-171.30385,80.967207,-168.79774,82.092969;
503;259;-147.28078,-86.542623,-133.29702,-79.342238;
792;763;13.926866,18.536061,34.563518,38.417077;
468;776;2.0353381,-70.642083,5.3314799,-65.176685;
698;275;152.55729,4.5653864,155.5352,5.7386285;
554;312;-45.333575,-5.022392,-15.266737,11.910556;
690;1021;57.434479,-11.633352,60.047518,-7.7668123;
742;338;113.37052,2.9095044,123.15788,7.3678969;
886;589;122.3066,80.279934,135.67487,89.166962;
536;261;-93.823227,51.699018,-89.428411,53.839031;
402;710;-144.03899,61.903967,-140.18437,68.711876;
840;278;-41.866899,40.150165,-31.05158,43.72952;
729;554;-59.883901,11.464741,-15.716932,45.029214;
888;639;8.902805,18.066112,28.353339,32.062611;
841;351;157.35054,88.220883,161.58184,89.986861;
437;428;-164.76872,34.128222,-162.82009,36.036712;
495;295;151.10387,-12.022009,168.71238,-1.52805;
682;602;41.157433,30.511661,88.14204,71.984877;
503;303;89.081595,-85.784875,92.994156,-83.428004;
540;941;-154.90466,-10.098549,-153.0373,-6.8445005;
751;874;-142.76312,46.131884,-140.84602,48.362965;
767;888;44.23391,-48.958158,112.11867,29.63593;
793;466;24.682864,0.48954961,96.40961,42.639188;
964;608;70.770993,-85.00884,75.330901,-82.132882;
686;579;133.47526,-43.69322,141.89286,-36.58857;
951;671;-80.904486,-81.411566,-49.113666,-58.980819;
1014;562;1.7291881,-78.974729,22.484893,-67.471074;
763;378;-149.83829,-38.465575,-139.67617,-33.431127;
368;963;152.67656,30.666614,156.77186,41.383407;
615;855;94.880239,-33.095752,96.27727,-31.153538;
431;680;52.675741,49.916589,56.168026,55.426459;
729;509;-36.37638,-57.735471,-33.387547,-55.648617;
264;872;2.1824435,19.039369,10.695258,47.157455;
337;991;-27.308432,-32.913133,-23.503849,-21.725175;
409;709;164.72393,-37.483663,165.8324,-35.562148;
594;422;74.362782,21.076844,104.44413,42.447767;
677;260;-164.48572,-13.861353,-162.89925,-13.252072;
380;954;-77.136292,69.547786,-76.140446,72.047883;
468;528;47.466794,-66.70846,49.422298,-64.50225;
924;626;56.759356,39.929287,60.201288,42.261158;
938;740;41.130466,-14.372492,46.752034,-9.9375662;
467;592;-134.14808,-71.10946,-88.017842,-12.631728;
769;478;43.106023,-35.795567,73.039441,-17.18936;
782;930;-27.930456,-67.403849,-23.54905,-62.193225;
932;479;148.93845,76.826807,155.87285,80.39073;
719;372;153.96327,-16.613771,159.27558,-13.865261;
884;659;-147.83751,-21.783051,-85.589688,24.621153;
333;595;17.389033,-42.782247,27.185033,-25.278884;
985;624;-178.57909,8.2804863,-94.251887,61.701981;
656;936;-51.327398,-69.812179,-25.441793,-32.877839;
483;430;103.28109,-57.828505,127.48299,-36.282302;
300;414;84.8673,39.212525,110.84156,75.056999;
715;354;-94.124652,22.961236,-50.46946,44.575135;
321;664;-87.496645,2.1677529,-83.877742,9.6535831;
854;731;-55.545893,-13.246848,-36.549303,3.0136986;
869;982;175.95136,81.229654,179.00151,84.676433;
474;373;5.3874169,-49.257984,6.4702705,-48.405865;
883;804;72.692815,35.022846,83.474709,44.840108;
409;1022;-75.715372,-72.116352,-65.275942,-46.030538;
721;1009;90.9275,-55.513734,95.810896,-48.679689;
630;574;52.962095,27.831143,56.310227,30.881663;
820;696;-50.859074,32.451801,-49.146187,33.905666;
780;273;-151.42505,5.9353418,-142.21429,9.1591054;
319;797;120.84691,75.31919,125.82771,87.763387;
489;624;-25.838897,-56.874616,-12.316665,-39.619253;
663;423;5.3901871,-36.086241,16.683881,-28.880763;
422;876;29.122554,-47.038124,54.244126,5.1099724;
536;695;-67.396521,-27.383932,-47.327717,-1.3618814;
562;727;-163.03804,-17.539582,-160.92451,-14.805528;
909;762;51.174852,-34.249674,55.69009,-30.464623;
304;440;-129.5325,-48.979324,-127.72385,-46.361542;
763;925;33.801874,-8.7918174,79.806608,46.980632;
979;502;-9.999303,-35.610826,47.418204,-6.1689582;
490;912;-148.03426,22.169709,-145.50029,26.885996;
869;509;151.10223,62.329064,167.44284,71.900266;
504;1021;-11.977147,-4.513711,9.4001118,38.792204;
259;478;164.37623,-79.683192,166.13984,-76.428335;
937;408;-29.912127,6.3857097,41.735721,37.583492;
766;544;-99.154432,-25.208989,-92.139674,-20.227229;
708;568;165.79753,-76.193661,178.70147,-65.84135;
590;597;-123.93627,-42.006346,-117.34712,-35.33902;
1003;594;145.24071,-86.574897,148.28932,-84.76944;
409;652;172.99618,-23.707537,174.31014,-21.612916;
713;702;-28.727292,48.681472,-22.631976,54.68275;
359;943;-145.38883,26.352568,-132.35078,60.600155;
568;283;20.527402,-89.366399,25.959221,-86.660053;
759;686;36.364947,-45.434946,48.103013,-34.825837;
359;974;141.05379,-46.050914,146.07371,-32.431395;
617;400;-162.87617,49.762152,-146.73757,60.224779;
806;262;-173.62822,61.289883,-148.20959,69.552518;
806;557;98.072433,-77.467963,103.93411,-73.417149;
649;385;30.608214,36.814197,32.553667,37.968279;
356;830;-155.79273,64.821356,-149.09535,80.436052;
583;603;-50.173928,3.477354,-14.761483,40.104634;
702;509;131.38902,27.310331,132.84789,28.368113;
657;516;-128.23303,39.06821,-125.43802,41.263378;
777;741;138.03572,52.022194,143.72224,57.445248;
705;281;102.62802,-68.094695,112.03695,-64.34447;
848;804;-179.35887,61.241902,-173.10271,67.173457;
851;762;-57.317551,-2.6469088,24.221434,70.364497;
653;692;-99.415518,-80.073695,-95.574181,-76.002937;
973;816;-67.347833,-28.783234,-59.420317,-22.134876;
723;468;-50.204179,-13.130111,-46.121754,-10.487546;
793;385;51.913601,-40.103564,59.454684,-36.442383;
928;947;-88.396777,21.481314,-85.649884,24.284447;
931;942;116.19184,36.940347,120.33675,41.134236;
992;801;94.359878,23.389184,100.93969,28.702115;
314;595;34.061034,-42.478496,35.402809,-39.935961;
706;391;-45.639187,-60.751623,-28.281339,-51.138424;
393;474;152.21149,-46.387326,157.37898,-40.154782;
978;596;-24.490549,72.73867,-20.739839,75.024379;
1016;297;62.048774,-0.46199114,70.279183,1.9439453;
970;509;-154.6604,65.871485,-152.59963,66.952859;
384;472;-10.195245,-85.78337,-9.065351,-84.394542;
853;1010;83.284207,-54.864099,108.98671,-24.430884;
741;646;139.89166,-55.382421,160.92515,-37.04553;
932;522;67.212378,12.948834,70.773951,14.943621;
798;840;-155.15289,-79.636116,-91.37267,-12.49904;
511;864;-42.528073,-23.732692,-38.72415,-17.301009;
263;400;-24.888697,-38.524018,-19.665439,-30.579899;
602;334;176.84157,4.2028264,179.24754,5.537702;
614;647;-164.26973,-89.699037,-129.49603,-53.056393;
738;422;88.912743,84.810617,92.379656,86.793052;
967;634;87.406341,-13.915618,98.841994,-6.4179922;
811;1023;-7.1008625,-3.4807434,12.071304,20.703136;
518;860;-153.61331,-10.570894,-126.63469,34.21987;
649;365;103.75184,61.866471,105.17898,62.669101;
1021;980;105.99549,-7.4669302,116.5986,2.7103988;
323;785;67.162259,-73.823822,90.655056,-16.728326;
670;579;-147.52036,-25.217438,-135.59234,-14.909493;
918;596;-25.083898,52.485876,-7.0428953,64.19877;
332;300;-0.25023561,-32.049201,3.0457528,-29.070898;
709;280;43.819503,37.808156,60.645582,44.453153;
945;645;-14.769859,9.1166506,-12.591958,10.603154;
846;407;-36.13443,53.478051,-21.147693,60.687983;
533;383;55.899615,-8.2794057,100.40195,23.698823;
880;1005;-156.33975,34.434734,-148.41565,43.484415;
331;294;-80.31073,-12.559677,-78.546714,-10.992847;
635;404;-40.680351,-4.5079394,-25.942211,4.8687671;
635;802;-18.349759,-70.014797,-16.359479,-67.50109;
755;1007;-107.56967,-19.582346,-98.802377,-7.8887554;
677;837;33.799663,48.970201,35.275633,50.794997;
270;356;4.9448052,7.5021873,5.6353459,8.412678;
670;813;152.96057,34.400477,154.72654,36.543366;
953;954;-153.33553,6.8315068,-112.49883,47.711059;
991;263;145.73788,42.500325,172.67426,49.64893;
521;428;122.09984,-16.713987,127.54474,-12.241016;
965;654;-65.296994,38.590996,-50.650286,48.517365;
522;272;-22.57709,-84.426641,1.1322446,-72.072352;
274;579;-94.724685,-48.634385,-92.711108,-44.379418;
469;332;100.75797,21.766047,124.95137,38.892295;
981;1020;-54.616383,-37.888225,-34.870203,-17.357028;
972;769;34.603837,-23.664351,46.939646,-13.904848;
913;276;-133.05034,29.13016,-118.62122,33.492084;
423;281;152.46297,-65.30775,153.60006,-64.552379;
398;693;32.999457,76.847298,34.384014,79.258096;
740;982;-50.267218,58.258102,-38.213941,74.253127;
626;897;-57.400902,-63.088588,-54.993057,-59.63837;
915;342;-151.68962,-62.009482,-144.24767,-59.2279;
452;531;-95.672854,-61.441417,-92.867701,-58.145982;
817;777;17.027753,-58.053321,23.159299,-52.221973;
394;702;-107.96782,55.745533,-103.82707,63.123207;
730;481;69.42299,-61.726512,72.200234,-59.896575;
888;398;134.5614,-26.267791,144.25808,-21.921757;
824;675;-130.63733,-30.043213,-60.058191,27.773436;
353;508;-142.48323,-17.281165,-141.50833,-15.878188;
507;625;-45.598478,8.3839079,-30.033772,27.571169;
1011;589;74.175744,-40.721133,88.90188,-32.141811;
520;431;16.619374,-20.904573,44.232406,1.9823818;
953;563;12.034314,-67.288233,22.402612,-61.162995;
728;483;147.94346,-50.091952,150.12374,-48.645425;
595;753;-87.215927,40.149224,-81.399787,47.509817;
674;748;92.255955,-28.608307,95.550958,-24.951538;
856;549;-39.169908,54.42882,-20.132487,66.638568;
895;457;95.52286,66.969809,97.903137,68.185213;
366;743;73.23343,-71.928382,90.773874,-36.320322;
655;902;-14.290295,17.789231,-11.265528,21.954636;
394;738;-95.606321,46.964067,-87.568401,62.019865;
656;922;-175.59636,37.749322,-170.48265,44.936584;
684;402;13.489658,-56.373595,40.084475,-40.743308;
894;855;-103.09331,-64.847081,-99.02815,-60.959263;
519;1019;161.02954,56.28503,162.83329,59.8265;
843;960;-81.27452,7.3129238,-79.00072,9.902304;
580;628;87.021893,-42.704946,99.82853,-28.838451;
375;764;-115.38583,-65.505186,-111.79844,-58.196486;
262;692;-73.593658,79.494091,-72.371948,82.720897;
1005;1012;45.562286,79.278015,50.845364,84.59789;
405;492;42.860689,-78.050225,67.88007,-47.65631;
507;292;129.04381,-10.733302,136.53678,-6.4178258;
860;311;-44.868791,-63.867635,-40.854855,-62.416083;
736;310;152.50152,-56.668714,168.15042,-50.077468;
746;1001;57.389727,-63.87908,91.430277,-18.202686;
483;926;-101.48859,-57.643855,-97.978215,-50.913817;
951;629;142.39821,30.244829,149.18949,34.736638;
365;821;-17.971859,81.778517,-15.040839,88.371304;
897;324;-168.49401,-56.417285,-162.07181,-54.09756;
677;745;-104.28438,26.595053,-68.298835,66.195099;
716;577;-80.511783,-51.673951,-68.617522,-42.088772;
990;360;-80.821026,-54.579186,-37.582177,-38.855968;
953;463;-7.625381,-44.731335,-2.8750726,-42.423472;
613;319;-43.782444,-62.650741,-15.490321,-47.92776;
426;262;164.33678,23.502733,178.60032,32.275143;
536;328;-136.3238,27.955157,-117.68671,39.359946;
920;532;44.3549,16.678678,61.588594,26.644249;
997;714;-159.45812,23.049457,-150.57778,29.409105;
678;351;33.466896,-87.228773,35.778704,-86.031952;
856;309;23.577022,7.664143,82.275036,28.853029;
610;403;114.36002,-5.3676085,123.97972,0.98770108;
602;313;-93.990778,34.793247,-36.113718,64.885472;
526;698;-173.55153,43.935844,-169.2346,49.664401;
1001;592;119.36805,6.9156362,129.60164,12.967868;
348;796;84.609009,16.121882,88.943723,26.036917;
383;521;158.30407,-15.06646,159.15592,-13.907684;
322;507;-44.962398,-85.192932,-42.106296,-80.695903;
759;709;-80.857088,61.240543,-60.532928,80.225825;
847;584;11.082085,-80.587323,26.271219,-70.114532;
959;970;-179.40472,34.219929,-142.14936,71.902621;
355;727;115.52218,-1.8121694,125.03171,17.662275;
676;285;-142.8984,-70.670631,-136.46608,-67.95878;
471;411;-94.534628,6.9211616,-93.235581,8.0547244;
1013;663;-119.90879,35.690886,-83.685001,59.39905;
906;902;-120.69172,66.692108,-117.45034,69.919182;
862;289;171.67801,-12.131511,176.58268,-10.487138;
257;782;24.857704,-11.893334,48.553312,60.2077;
911;530;-168.06253,-44.640879,-145.06763,-31.262947;
574;335;26.180348,-20.878272,27.407903,-20.161842;
579;390;160.45734,33.490211,165.0595,36.590112;
789;550;-66.250786,17.764648,-62.627586,20.290326;
931;444;-104.29785,34.365527,-91.743395,40.352827;
878;972;46.09213,42.076279,60.242038,57.741096;
935;607;-106.1655,-82.63071,-104.25959,-81.393397;
940;647;-97.371783,45.69477,-90.531399,50.402991;
469;635;-16.818072,49.673869,-1.8305292,69.966172;
605;481;30.21424,-65.263844,31.430202,-64.297104;
329;442;161.81791,-25.483791,176.7963,-5.3608492;
950;656;-1.152829,-4.4121749,74.082874,47.540058;
384;567;-96.721081,-11.152378,-67.493699,32.003679;
354;963;79.553149,19.648785,80.445846,22.077225;
478;563;147.64496,70.748091,162.09029,87.762148;
445;376;136.87675,-47.512859,138.86429,-45.833501;
792;912;-139.68991,50.964238,-114.93785,79.466606;
535;653;-105.73492,-83.341973,-104.60857,-81.967193;
1011;387;-165.45586,72.119331,-138.6967,82.362449;
415;974;0.6367922,53.902414,6.1018921,66.728938;
403;672;-178.61721,12.43225,-154.28218,53.010762;
322;923;-109.59022,35.583568,-107.75106,40.855453;
627;600;127.41075,-48.544675,178.01009,-0.12426089;
890;868;8.5857548,-88.592179,43.726643,-54.319942;
677;594;-146.23228,-86.161892,-138.88753,-79.7176;
487;512;63.726372,67.009016,67.51202,70.988999;
676;986;50.066813,-59.145948,61.706601,-42.168388;
836;374;-53.530028,-77.406244,-43.912378,-73.103611;
918;628;-8.8241334,34.12652,8.3025883,45.84284;
550;683;7.672502,36.045119,9.944719,38.8668;
610;264;156.62127,-11.933227,157.92725,-11.368017;
738;586;129.65883,5.2108356,139.80047,13.263682;
986;926;66.273596,-81.541484,81.001833,-67.70949;
516;986;66.494824,-78.254054,73.505582,-64.857528;
964;929;-23.837061,4.4767274,58.407131,83.734876;
857;880;-93.960375,10.608219,-82.542346,22.332684;
933;568;66.663414,-86.384235,75.756055,-80.848736;
505;573;83.76944,-49.886427,84.930514,-48.56901;
358;508;-72.617626,-13.615437,-70.715324,-10.916081;
951;762;153.77775,-81.478394,158.49158,-77.701384;
740;948;-157.14955,-67.143895,-140.64228,-45.996754;
449;949;93.23648,18.568953,96.836598,26.178111;
449;458;-7.6376278,63.323596,-2.7889009,68.269513;
456;970;122.30185,38.934985,125.93654,46.666674;
451;735;-34.294074,-68.368791,-32.860427,-66.03236;
275;378;-2.8391195,16.280381,0.19587469,20.452118;
843;510;-157.15584,49.588625,-128.77646,66.757643;
522;410;167.34907,34.381793,169.11957,35.77241;
304;589;18.290446,36.427629,21.532373,42.708862;
1013;424;-70.576443,31.947046,-66.106553,33.817958;
564;986;-63.038075,-50.858228,-61.710664,-48.537611;
336;498;-101.23437,-89.100651,-78.118945,-54.840286;
911;970;-37.651822,44.684964,-34.544309,47.993732;
564;784;125.42676,19.476085,127.21835,21.966513;
283;358;-146.93404,-51.241296,-131.42622,-31.623625;
320;673;-90.345363,-52.819677,-86.766616,-45.293125;
1007;703;-116.25603,-60.448071,-114.1348,-58.967212;
926;575;20.641231,11.269881,49.568423,29.23223;
319;595;161.47859,44.306365,162.18802,45.629592;
272;428;-155.315,36.829695,-147.76518,48.709565;
874;273;-25.789505,84.173371,-16.805862,86.979474;
538;285;53.07389,37.444391,63.432078,42.931535;
608;807;-12.625333,48.285115,-5.9864506,57.096922;
444;665;-141.54823,-26.443072,-132.7291,-13.23425;
572;512;28.196469,-1.8139585,40.952632,9.604146;
528;362;53.598361,-27.410307,63.495369,-20.624858;
897;488;-16.277661,29.850714,-9.8942414,33.323521;
585;507;-144.22547,-3.5805452,-138.67242,1.2321013;
825;638;-21.992057,-7.3279967,38.27212,39.2763;
590;589;37.629555,-24.825418,40.491442,-21.968382;
555;656;49.921688,-77.590232,53.271608,-73.630688;
974;653;-104.66022,-52.009105,-14.944153,8.1393451;
478;415;21.158795,-69.397142,23.792196,-67.110821;
865;618;-117.91317,7.058563,-115.59501,8.7147748;
796;775;53.040756,55.808724,60.203035,62.782048;
838;604;-125.24162,-10.61916,-122.9867,-8.9938945;
769;481;-145.92249,-63.126761,-138.93326,-58.755078;
584;792;-23.837377,77.361316,-21.438239,80.614941;
575;744;2.5868381,-9.1012549,41.689011,41.493557;
968;900;102.09773,-40.953771,107.01506,-36.381882;
939;443;-101.53958,23.766626,-94.160644,27.247851;
929;403;28.590151,38.301992,39.284781,42.94132;
347;838;133.44346,1.4456364,134.40292,3.7627232;
525;830;102.62578,35.328845,118.71114,60.759029;
500;564;-80.674963,-46.139752,-62.288293,-25.399589;
504;857;176.5165,-39.638046,178.34513,-36.528657;
478;994;-102.35759,-29.261052,-86.188569,4.362384;
811;583;-125.01288,55.534866,-114.65455,62.981117;
385;483;144.35958,-61.954425,146.71049,-59.005103;
442;750;-157.22625,-59.70703,-148.54992,-44.98475;
352;716;48.666824,-65.211542,76.223638,-9.1584775;
1007;792;-39.94784,-45.922928,-12.732318,-24.518068;
580;1002;23.646787,-34.543831,25.719258,-30.96346;
556;726;121.85692,19.108389,123.56607,21.340131;
787;557;80.260198,42.846796,92.423014,51.45504;
958;930;-77.273428,-43.392731,-58.056172,-24.737148;
955;907;155.09818,-35.845215,158.13171,-32.964159;
529;953;39.530435,-44.693704,83.412137,34.35972;
507;576;-35.868211,11.037313,-19.573401,29.54976;
967;260;-153.2073,-30.58022,-131.76561,-24.815133;
595;778;-45.256127,-39.524226,-31.284578,-21.255544;
985;374;-19.963306,-5.2990753,62.745888,26.105228;
671;702;-94.799215,-39.233207,-71.902484,-15.278653;
509;711;-61.041041,63.189564,-59.612445,65.185108;
788;262;130.46948,-68.223889,142.35465,-64.272219;
350;385;-115.87433,-24.748422,-107.79156,-15.857366;
891;815;-150.61301,-69.157213,-136.78991,-56.513189;
444;1006;-40.478414,1.3259746,-26.238851,33.589489;
834;881;-178.62588,-56.754714,-176.50156,-54.510678;
911;616;24.192357,42.882703,66.450546,71.456846;
269;468;-26.686239,-56.268315,-25.961566,-55.007544;
783;279;54.461696,-29.364574,74.621743,-22.181109;
1019;354;-89.773602,-83.609016,-42.944748,-67.340699;
824;831;-160.52755,37.867526,-158.36341,40.050044;
721;324;-119.19241,38.504263,-116.84093,39.56096;
396;512;-42.927311,19.5765,-4.6571179,69.057154;
621;839;-24.937247,-64.22408,-12.561751,-47.504208;
999;517;-64.227566,-37.34685,-62.053454,-36.221709;
572;553;2.9477376,-45.913847,4.6301979,-44.287273;
624;997;-35.716557,-54.237857,-23.761262,-35.136208;
310;724;-53.864003,-55.346174,-28.33438,4.277849;
541;1006;139.7581,-5.6434556,160.38712,32.716611;
996;376;-133.81126,64.10406,-108.35614,73.713625;
807;992;-157.74616,-19.109338,-154.36744,-14.956066;
491;840;13.239296,-68.90954,36.090975,-29.815019;
466;977;-52.702162,-6.2190634,-44.607645,10.751629;
283;498;0.72384919,-76.521608,2.6999453,-73.044238;
620;892;114.83548,-11.412374,116.38852,-9.1779931;
1000;536;76.3634,10.661997,125.84884,37.186192;
725;409;31.551276,19.489513,100.99287,58.664147;
909;684;-56.553529,-59.502332,-53.408771,-57.135979;
960;654;54.239483,-13.588111,65.486694,-5.9259484;
799;416;149.40365,-18.007489,153.57241,-15.83702;
654;939;-152.84812,7.8243346,-146.92146,16.333727;
663;360;127.38271,28.411385,137.24916,33.768736;
263;329;-179.82695,-26.195483,-178.68867,-24.771546;
471;641;-72.045971,45.874592,-48.474706,77.953532;
1023;998;148.97512,35.625058,173.16014,59.219046;
359;378;17.67685,-81.072028,22.812593,-75.664477;
779;688;-20.837722,-6.9224316,-18.940135,-5.2465138;
427;458;-3.2459022,32.812981,24.408385,62.474957;
512;615;-16.286373,-83.995486,5.9566475,-57.277795;
528;784;157.83389,-74.448347,174.3881,-49.867845;
879;645;-125.93821,14.470607,-77.965789,49.672214;
335;1018;41.268967,44.152117,41.954109,46.234132;
482;280;28.823735,86.346735,33.623029,89.134706;
367;887;-72.516111,34.61098,-53.209544,81.272901;
965;548;51.138345,-72.818517,57.227508,-69.360629;
507;345;103.69075,-14.315354,140.9894,11.065383;
674;879;-66.062747,-37.781194,-48.596063,-15.001943;
989;450;42.202634,10.367672,44.485849,11.406547;
982;437;9.3375522,-21.911571,17.023753,-18.491134;
834;967;113.43489,-87.214726,120.27124,-79.288174;
351;257;-57.319701,11.261464,-55.914606,12.290266;
779;877;-121.09687,45.10097,-111.95466,55.393292;
860;460;76.162479,39.648644,83.481511,43.563475;
455;433;163.85167,-67.597032,174.09936,-57.844836;
615;866;-112.66364,55.227849,-109.3634,59.875024;
327;935;132.3259,-50.263927,144.44806,-15.602723;
429;593;-46.10759,-5.5346488,-45.173626,-4.2436455;
267;630;20.639407,41.165241,21.338746,42.815368;
320;381;47.487975,-13.970645,48.208046,-13.11331;
689;626;30.564641,-46.949854,88.141489,5.3623469;
815;394;35.312814,-4.1112084,106.33346,30.2227;
558;410;43.034455,-84.914133,44.317409,-83.971461;
739;824;-114.91941,-13.337693,-94.458018,9.477174;
981;985;-147.43186,-52.255974,-87.965991,7.452367;
796;531;54.626813,-64.368444,109.84538,-27.532944;
907;981;97.889916,65.253685,102.50331,70.243474;
268;727;-119.31267,66.115958,-111.05114,88.526891;
809;1000;34.779358,22.129235,60.300096,53.675264;
741;541;17.992246,-83.643475,34.058917,-71.913288;
694;645;-140.75657,-39.42019,-129.52782,-28.984254;
342;642;156.3796,14.959721,158.73613,19.383398;
832;344;-79.615521,-39.651757,-47.958217,-26.562679;
787;777;10.628686,49.877253,21.979262,61.083603;
889;659;-21.829861,2.759751,-2.9818693,16.731434;
492;326;93.950756,3.1361737,132.34427,28.575781;
837;855;-111.57571,55.711065,-109.70498,57.622025;
540;694;-66.388076,-89.164852,-64.53068,-86.777755;
905;256;-153.61283,-79.510942,-150.87293,-78.735898;
720;500;66.446566,-81.926973,74.630271,-76.243845;
408;264;-17.045821,-62.135652,-5.1875741,-54.462668;
948;448;132.52844,26.844056,148.40397,34.346417;
343;807;49.128995,-73.339272,59.527625,-48.873691;
855;290;85.212408,-8.1728154,149.55382,13.650589;
712;417;145.2111,42.301762,148.0699,43.97609;
992;893;55.507311,31.493039,86.524858,59.415084;
619;427;123.76291,-70.874769,131.74758,-65.366765;
452;723;166.57467,3.0902822,168.11182,5.549044;
400;608;9.334112,-58.260662,12.444998,-53.532115;
1010;840;105.61939,27.958454,134.15455,51.69067;
334;972;118.85072,8.7965285,132.41624,48.274622;
726;931;-52.297779,-66.484201,-42.096889,-53.402894;
972;674;-83.419211,31.293399,-76.765274,35.907344;
425;749;-112.97574,-76.399726,-107.01559,-65.895833;
474;272;-142.73517,28.400761,-128.32296,36.671058;
741;713;48.464599,-12.672426,50.924456,-10.30552;
716;283;-28.975835,43.527842,-22.58498,46.053836;
567;983;155.82486,-77.474173,164.76597,-61.973094;
306;380;147.17824,34.617176,149.57138,37.589045;
774;969;-23.289391,-31.65135,0.12894599,-2.3330447;
717;914;-14.781563,-34.000683,-11.418623,-29.713756;
761;590;-166.78646,72.540603,-161.60809,76.555372;
714;1007;33.500851,-39.267552,43.267912,-25.492439;
466;801;50.855533,-54.756284,73.434152,-15.946254;
808;269;-73.451348,2.7145335,-71.231278,3.4536408;
662;954;-145.81177,60.093266,-143.97789,62.736056;
323;401;-17.993608,-64.835396,-11.529746,-56.8106;
822;267;-44.700828,40.765318,-35.300023,43.818864;
450;984;31.754262,-84.397619,48.662311,-47.425352;
827;905;45.239428,47.521843,50.2874,53.045923;
379;733;-130.12393,47.543541,-119.08962,68.884306;
405;583;-87.116163,48.567237,-80.266202,58.427798;
489;681;35.062422,18.33363,55.605884,46.943237;
926;862;-162.42129,-48.98786,-115.60806,-5.4100982;
514;305;-78.488179,5.5361818,-73.527762,8.4796199;
755;632;163.59372,-11.438885,171.07366,-5.1775342;
358;1023;22.61612,-35.475892,23.525272,-32.877951;
272;979;-157.65682,43.3651,-156.96865,45.842019;
517;368;-38.851192,-31.467846,-36.878077,-30.063385;
573;820;-66.498841,-38.592189,-65.223156,-36.766601;
272;377;-17.255758,-66.514334,-14.713667,-62.990921;
347;274;5.2875278,10.399852,6.0208063,10.978867;
343;626;120.4655,34.498227,121.16537,35.775552;
861;452;67.226346,-75.763928,88.005468,-64.855492;
420;1001;147.57121,-62.855609,151.89374,-52.553575;
750;844;-36.872824,61.773493,-18.87639,82.025481;
334;399;10.001524,-65.930243,11.040481,-64.689095;
375;308;-176.13505,-7.38259,-174.99498,-6.446219;
666;732;100.08049,-50.641245,109.99309,-39.746319;
906;511;67.317984,-89.676252,122.62218,-58.483709;
861;860;1.5371747,21.116731,4.8535561,24.429261;
1013;780;-130.33338,-15.378984,-127.9135,-13.515701;
629;278;144.18074,-84.853708,163.15942,-76.465673;
518;436;91.913857,-84.611042,93.261564,-83.476679;
260;486;60.020073,-24.314965,80.864808,14.648655;
968;432;-2.9829972,-39.973458,21.438614,-29.074557;
428;826;-38.518213,-39.541861,-5.4420555,24.292032;
525;688;53.43094,-54.019744,85.014281,-12.630528;
868;606;-72.993946,84.88114,-68.556469,87.979194;
589;832;72.409095,10.294353,88.244778,32.663264;
422;712;115.60063,4.9217932,116.562,6.543809;
394;913;-160.36564,43.673271,-153.28503,60.080876;
489;328;-177.06502,-66.817011,-170.1413,-62.172881;
636;787;78.606923,-76.62782,91.514463,-60.655754;
1022;862;-171.00615,58.525636,-154.85686,72.146659;
672;458;-24.645367,-7.1551407,-1.7423534,8.454354;
615;720;-77.935283,-27.133755,-51.342687,3.9990404;
1001;872;95.298912,-51.453538,98.563198,-48.609924;
860;542;49.580258,75.807907,52.205159,77.462205;
494;297;-102.60135,-69.770171,-101.16317,-68.90552;
833;324;129.66349,-8.8232255,149.58268,-1.0755447;
260;872;-166.69359,81.067446,-165.50383,85.057732;
775;677;-143.80787,-10.192455,-96.830436,30.844606;
285;835;43.845954,20.809274,46.677859,29.106257;
284;883;52.731415,-36.627157,75.685517,34.740704;
856;902;140.63027,13.590885,165.26142,39.545672;
668;402;-44.222513,65.237614,-14.237723,83.282353;
325;598;13.725031,76.267573,15.809738,80.103435;
464;586;94.03517,3.5712955,115.1097,30.186977;
646;989;-31.038747,-40.451885,-14.240018,-14.733707;
836;517;50.37234,-45.324348,128.39474,2.9263464;
628;560;-133.32862,-0.40401069,-82.301865,45.09755;
1024;822;-54.244586,-69.595158,-11.053952,-34.924552;
317;523;56.416507,7.52613,62.407483,17.410294;
360;1004;86.244436,-55.248369,88.419761,-49.181631;
526;626;-146.82143,42.528802,-114.10293,81.46755;
530;908;28.31545,-62.819056,29.542987,-60.716031;
438;975;130.35056,1.9977012,153.54947,53.639106;
711;774;160.61745,-73.519968,163.97839,-69.861224;
437;963;152.21417,75.001979,153.44402,77.712149;
665;588;6.7351431,-5.5832747,20.38243,6.4837998;
844;927;-35.460204,70.008371,-33.457969,72.207508;
942;689;-99.804424,-60.291629,-86.106128,-50.272387;
791;292;-108.07536,39.149147,-41.153313,63.853619;
456;987;-161.28767,25.3803,-153.03464,43.243777;
635;811;-83.523738,73.563288,-76.492279,82.543624;
746;722;-58.629014,-89.804309,-40.314553,-72.079055;
812;778;-68.812845,-31.402671,-57.32921,-20.399878;
421;403;-65.541162,-34.741457,-63.845783,-33.118565;
705;627;-144.14296,64.424669,-132.91079,74.414128;
957;880;75.199188,-75.389717,81.548027,-69.551704;
837;736;123.45384,-6.533331,160.21219,25.789425;
270;534;70.49448,5.2188994,82.291257,28.550303;
985;809;12.975765,-43.458925,46.393306,-16.012437;
767;1017;-49.475713,-54.542791,-7.8775563,0.61408626;
727;668;153.73506,-86.887901,160.08655,-81.051871;
538;997;-26.444748,36.998878,-24.562917,40.486212;
948;357;-102.40991,26.246885,-91.93131,30.192939;
664;685;150.473,-40.680993,174.23539,-16.167085;
432;771;-63.036608,48.442273,-59.614185,54.550348;
847;925;17.219869,-70.96023,22.998542,-64.6494;
291;730;127.42057,18.940532,129.12552,23.217564;
338;1019;-87.056252,-34.590145,-81.187034,-16.895669;
570;414;65.240803,37.522317,86.931491,53.276605;
682;543;-144.5826,-47.478728,-100.16393,-12.113124;
639;957;32.78381,-17.055629,35.042438,-13.672988;
872;284;-159.36307,61.725254,-156.96036,62.507789;
610;675;-25.540837,20.284133,-3.4587497,44.719229;
683;403;114.07402,84.440331,118.51336,87.059737;
848;889;-86.50322,37.556184,-49.349608,76.506138;
385;530;43.98098,73.156658,47.970308,78.648461;
446;757;29.811222,-63.15811,34.277257,-55.577866;
837;918;1.2757001,-49.553262,6.7974909,-43.497104;
881;874;89.573941,-45.400044,141.15789,5.7740412;
656;790;-77.59852,-61.794238,-38.706659,-14.958003;
510;784;-91.818078,-9.7006662,-79.153389,9.7681891;
950;361;141.84933,29.587878,165.83856,38.703784;
818;606;-168.74472,-21.964655,-161.41987,-16.53818;
675;322;-93.756022,-48.534148,-89.230817,-46.375458;
576;704;118.07871,59.01504,121.38032,63.050336;
567;321;-157.36199,-32.709443,-122.45833,-12.949169;
915;744;-135.78137,0.96282825,-80.157475,46.191438;
932;948;72.070364,-40.423868,79.537646,-32.828393;
585;313;-72.109075,-67.809529,-46.366837,-54.036331;
459;503;-94.989304,-41.815346,-91.232678,-37.698607;
304;328;-93.73485,-53.122623,-82.601579,-41.110409;
477;539;-161.76722,-77.201694,-150.43642,-64.398121;
622;769;-47.857969,30.492974,-27.692806,55.423858;
860;499;-34.508876,-87.577002,-25.77464,-82.509113;
771;663;19.637445,74.099354,23.072354,77.053108;
586;327;-74.749582,-21.83027,-66.158158,-17.03608;
807;984;84.816059,51.932876,106.02127,77.789045;
914;888;153.77602,-78.52653,155.77753,-76.581961;
650;760;-77.730637,35.432865,-56.691703,60.032234;
826;753;-42.541452,72.710114,-40.620918,74.460916;
538;954;26.539472,-22.867888,29.104301,-18.319846;
875;327;-74.946663,-5.6835933,-69.77214,-3.7498004;
822;822;8.9269552,-11.003465,16.341694,-3.5887267;
332;827;-20.213999,8.8830169,-18.720372,12.603588;
936;746;-175.35964,-39.969467,-125.44304,-0.18551706;
925;784;97.68007,-53.652157,164.74734,3.1918822;
531;593;-99.319434,66.08801,-97.937657,67.631125;
713;986;76.195516,40.008752,89.511665,58.423511;
946;758;105.10865,-7.6160417,113.68851,-0.74127329;
626;516;63.790619,-77.654828,65.147418,-76.536445;
376;310;70.359662,80.122906,81.242628,89.095563;
759;384;-177.65884,-50.332111,-171.12141,-47.024637;
402;825;57.159806,-43.676008,64.730125,-28.139905;
745;522;-110.86702,-18.132475,-77.567277,5.1996951;
914;415;-14.640466,6.9667079,-8.3215981,9.835778;
705;791;-97.317503,58.97022,-95.495414,61.014577;
748;394;121.07776,36.763401,124.96814,38.81261;
410;446;-113.62087,63.844377,-112.12723,65.469168;
723;337;141.72472,-71.619477,143.54091,-70.772929;
438;458;28.852112,-74.06933,30.849779,-71.980445;
437;668;59.216125,-76.22271,61.16311,-73.246541;
996;428;104.21276,29.76539,106.24819,30.640054;
331;471;-63.071973,-55.962682,-61.790916,-54.139789;
394;406;-179.66337,46.699759,-177.87328,48.544374;
432;868;63.155724,54.149054,69.472228,66.840548;
516;309;-122.47996,-81.551649,-120.16104,-80.162996;
858;528;45.91522,10.163589,50.325726,12.877746;
616;922;3.8474242,-39.772842,5.9273299,-36.659737;
931;430;-15.226927,-40.784713,-11.442402,-39.036758;
801;910;4.7588113,-7.9824273,26.044102,16.199364;
710;267;-75.934856,-24.091981,-61.795283,-18.774705;
489;291;73.476121,23.958752,79.238472,27.38788;
325;342;157.9182,-21.773103,165.01451,-14.305603;
271;756;14.88199,8.2759702,38.197347,73.318072;
629;301;45.129335,69.161939,48.046589,70.557954;
774;1016;-108.16934,-76.340919,-89.639602,-52.017649;
598;257;150.93115,47.080411,154.34432,48.547276;
702;501;-49.212574,-25.099366,-34.317335,-14.469003;
345;858;-148.49209,-64.371371,-147.62086,-62.204668;
897;652;1.2481659,8.8284525,45.77994,41.197145;
416;356;-79.047171,-57.380076,-70.880214,-50.391046;
724;854;-174.06266,3.7660122,-172.41675,5.7074666;
1011;757;145.95044,42.793201,149.90947,45.757576;
928;978;-0.37374505,-84.19933,92.098065,13.254797;
343;464;-147.63669,50.729875,-146.73407,51.950914;
298;910;-77.436198,-49.135113,-73.937808,-38.452111;
854;645;-146.45564,21.481621,-94.841066,60.464529;
908;320;3.889998,-34.786246,23.277957,-27.953485;
485;742;77.789381,45.065931,83.394767,53.641593;
356;1012;-72.741481,-27.358163,-63.309855,-0.54691225;
357;946;-72.363376,23.816625,-70.69629,28.234168;
723;387;57.831586,71.525012,61.812464,73.655856;
845;529;56.392848,12.209327,111.74315,46.860583;
449;478;-85.178179,-31.303814,-71.639187,-16.890366;
529;943;-90.726258,-45.835922,-87.258052,-39.653468;
336;456;-155.64032,23.661866,-154.5769,25.105079;
874;763;34.47309,-14.445165,36.90945,-12.318229;
316;533;152.65292,-84.83336,154.59201,-81.562683;
437;808;134.98677,-48.046492,137.73498,-42.965132;
325;998;-0.36803047,-68.97968,24.482586,7.3308297;
560;388;81.130695,-32.994983,82.475456,-32.063256;
445;731;85.298172,-12.572572,89.831166,-5.1262378;
330;289;-159.43006,-66.436702,-156.7334,-64.075081;
407;510;-2.3997721,39.807484,9.3864735,54.576489;
378;510;70.240167,-74.863513,90.158014,-47.990227;
951;521;-129.56653,-88.732916,-123.25662,-85.276067;
315;750;-85.981666,-3.2511029,-64.827545,47.115852;
442;1003;115.22648,-23.730667,121.37631,-9.7752941;
816;517;139.30746,24.474486,141.41949,25.812623;
551;608;-168.08814,17.124884,-155.45048,31.069886;
984;464;-34.63721,28.41667,34.089519,60.824395;
415;599;28.120863,-25.918915,33.416673,-18.275083;
360;856;-41.839099,60.195628,-35.099379,76.221186;
396;642;-132.46427,29.394404,-129.69982,33.876161;
428;564;106.1027,50.205492,124.59176,74.569575;
802;873;63.527662,3.8898944,66.481338,7.1050546;
1007;826;48.747602,-48.564437,52.870239,-45.182811;
790;1016;-48.473013,79.4426,-41.430662,88.499598;
684;924;147.57355,-82.195969,154.96186,-72.215274;
276;852;9.1527897,56.889819,12.82445,68.224074;
667;298;-122.71337,-57.236562,-77.830032,-37.183738;
772;890;9.6687407,-62.738099,43.601372,-23.618874;
547;666;74.519564,-59.555142,118.08095,-6.5169691;
889;967;-102.80725,8.8310013,-47.537974,68.949549;
278;955;103.63372,-60.326124,104.44262,-57.547354;
737;835;-57.228983,13.474862,-16.097238,60.075957;
906;618;-110.55498,-6.842779,-20.95757,54.273335;
831;779;169.28945,72.706548,177.07281,80.002862;
688;730;109.79657,40.560839,115.6245,46.744547;
495;643;105.9576,39.571316,111.32734,46.546545;
680;496;80.947616,-77.969651,82.84006,-76.58928;
397;426;97.293296,-67.605945,98.198379,-66.634748;
272;562;-22.076647,79.189695,-20.582455,82.27696;
649;372;-2.5143126,-0.91433977,-1.0364137,-0.067223634;
285;774;28.128467,-53.394945,30.767347,-46.228304;
599;564;-15.20932,-81.278283,-3.2927151,-70.057974;
637;865;-121.05841,-35.342877,-118.56192,-31.952832;
332;818;-101.3438,31.565312,-99.484518,36.146313;
886;319;-75.477374,32.939722,-72.355267,34.063821;
900;317;-45.309806,-84.762822,-37.596221,-82.045926;
900;418;84.097048,-25.359292,160.12417,9.9510831;
425;991;0.92985358,-89.439067,36.350207,-6.8471364;
584;301;31.819275,12.738887,58.227798,26.350129;
563;636;-124.40053,-33.741477,-74.114793,23.064431;
629;986;145.3069,-4.4178491,149.83331,2.6776014;
930;395;-160.04392,-45.447894,-155.03378,-43.319932;
321;1013;-147.32851,-2.4595078,-130.72395,49.940555;
551;543;83.845348,-10.231571,86.23395,-7.8776501;
499;563;-107.10965,13.041246,-105.38625,14.985693;
617;672;138.53037,-64.67266,178.93263,-20.668903;
589;381;-84.576118,53.38881,-51.263099,74.93764;
427;567;-14.85281,76.225698,-8.5795858,84.555716;
532;951;-29.747009,-5.7195364,-10.618373,28.474699;
279;601;-0.66316073,-18.849149,0.14525481,-17.107724;
287;887;172.64366,59.17537,177.11709,73.000908;
552;493;-32.1014,73.674601,-28.276431,77.090741;
779;471;-108.17462,-12.667569,-101.02261,-8.3433148;
367;887;19.591359,70.366175,20.626034,72.866877;
865;871;73.783613,-78.984584,105.95288,-46.592182;
504;495;144.61644,-31.306207,157.26797,-18.880601;
613;933;43.417223,-89.601055,60.07299,-64.250597;
998;984;-83.378691,-12.314968,-72.002697,-1.0985562;
650;939;-31.241518,-61.278017,-7.5422392,-27.041675;
720;534;-29.10375,-51.377667,4.4075012,-26.523489;
324;379;-17.288001,-77.898271,-16.574748,-77.063941;
400;838;-44.540368,-83.878845,-21.147072,-34.86989;
997;475;-51.776843,63.831524,-44.121361,67.47882;
646;817;82.346209,-5.4570572,85.828884,-1.0524981;
679;856;73.274927,65.670205,75.486736,68.458583;
631;766;91.2427,19.665347,131.50926,68.54678;
375;857;165.64411,-64.749022,178.08351,-36.320849;
324;444;-172.40795,82.043145,-168.18843,87.825451;
264;538;135.20685,67.452301,144.00259,85.376958;
541;819;83.176669,23.078191,89.419411,32.528847;
422;849;-121.96846,-82.676591,-119.4919,-77.694122;
257;1012;-130.74697,35.339783,-126.94104,50.326522;
468;469;78.131006,-18.971371,112.00529,14.975297;
632;616;-97.778253,-68.342087,-95.995561,-66.604526;
499;710;37.628005,-58.86957,85.403175,9.107124;
302;915;154.98374,-30.486882,157.99521,-21.362726;
657;978;4.7412799,-36.571364,11.320909,-26.77703;
318;954;-60.316838,-47.559505,-34.010842,31.358485;
326;839;99.052064,36.667801,100.24031,39.725887;
516;584;65.692844,30.539759,77.95467,44.417485;
997;461;-169.48719,71.689352,-162.53209,74.905302;
337;572;90.221556,-54.761712,96.666222,-43.822992;
813;544;62.926155,17.601683,85.358935,32.612055;
270;929;11.714932,25.965104,12.71807,29.416645;
1018;839;94.578452,-72.719614,103.02448,-65.758691;
751;419;93.731162,55.828264,95.662845,56.905993;
540;532;-65.441777,-51.489493,-36.542269,-23.018127;
927;549;-78.355242,-38.698013,-17.925551,-2.9095552;
981;692;40.746677,-49.370184,45.435155,-46.06292;
707;549;-64.272504,53.889547,-61.244508,56.240848;
370;783;78.556031,-62.382707,107.00024,-2.1886058;
347;620;-153.78408,45.06286,-147.61986,56.076743;
895;995;-123.63033,39.402578,-110.21537,54.316412;
951;830;-35.035761,2.1611259,-32.048219,4.7685493;
664;356;52.379369,61.609402,90.769133,82.191866;
633;865;-103.04457,-21.333796,-97.912085,-14.320211;
645;911;-69.053486,65.397072,-67.321577,67.843226;
839;851;153.8093,13.303784,174.66015,34.452859;
954;999;56.434767,47.667386,60.226767,51.638253;
263;614;57.780231,34.598063,59.288688,38.119708;
926;831;-95.986591,38.854397,-86.328401,47.521736;
743;508;-95.079765,31.96975,-88.554098,36.431445;
687;489;147.10487,-24.285924,154.37249,-19.1129;
725;461;-96.353807,85.514512,-91.477943,88.614889;
374;969;-88.621348,43.877872,-72.525995,85.579468;
750;524;-145.66996,57.777958,-141.40429,60.758235;
855;833;-25.842527,0.44109855,4.5766458,30.077556;
415;453;-122.62399,13.709827,-117.76896,19.009411;
760;523;124.00797,38.741535,125.93801,40.069708;
771;407;-84.626877,-1.7159484,-82.94142,-0.82621992;
608;520;44.935471,71.798537,46.87716,73.459192;
736;846;-44.462235,34.217683,-13.864744,69.388168;
1010;722;-101.13541,15.166289,-84.78318,26.855701;
626;514;6.1262394,-29.129702,61.849157,16.62362;
328;959;-10.294801,-21.685359,-1.5458371,3.8946898;
754;357;64.533052,0.75984947,74.039509,5.260917;
495;795;24.533885,-10.279781,38.986422,12.931869;
1013;317;-163.55704,-63.078575,-146.27759,-57.671285;
583;411;21.664663,-66.470621,57.661886,-41.093506;
312;982;21.837291,45.820136,24.568278,54.415744;
860;835;-120.40467,63.640392,-116.23849,67.685457;
732;843;81.932522,56.505074,89.470023,65.185557;
552;275;-170.19976,47.596367,-166.1863,49.595825;
355;636;145.6955,74.485515,153.48406,88.439102;
446;597;-67.176136,66.25959,-58.349639,78.07443;
790;612;136.48177,-72.278711,155.59927,-57.4687;
795;620;-45.594313,72.621585,-28.700027,85.797003;
263;497;79.817702,46.775132,85.440874,57.40143;
788;893;39.291023,67.2898,47.602925,76.709254;
807;365;-82.585206,6.4330707,-66.874626,13.538847;
874;489;117.73073,-35.144082,141.5021,-21.844084;
829;277;-155.14599,-55.54773,-123.90202,-45.107948;
739;348;92.914834,76.757304,98.382148,79.331898;
1024;572;159.28654,-11.705356,162.76924,-9.7599402;
317;414;45.674863,-43.712821,72.343532,-8.8837078;
702;621;95.004612,12.151816,130.63143,43.667851;
937;868;51.27343,24.958386,55.530963,28.902397;
663;547;-21.228224,30.522801,-17.289305,33.772558;
366;426;-5.2648715,-70.833687,10.721412,-52.226701;
816;322;133.73097,-83.350556,135.84003,-82.518303;
762;660;92.266489,-55.303009,115.37945,-35.283911;
988;473;-7.9880658,-5.5654449,19.553077,7.6197379;
563;337;95.502841,-13.658695,124.3791,3.6260304;
317;618;99.736839,-47.085887,115.11808,-17.099736;
1024;808;-73.451747,-16.308706,-70.628209,-14.080757;
782;986;109.32281,-28.431082,116.80699,-18.994502;
814;598;-3.0636232,-66.810749,20.172458,-49.740507;
433;832;88.247511,-48.638184,89.43955,-46.347708;
311;416;70.930227,24.632853,71.656098,25.603792;
606;932;138.85918,-69.271754,143.27389,-62.482131;
615;729;91.927883,66.012638,106.56305,83.360668;
591;328;123.99715,-43.677807,137.35137,-36.26633;
863;383;-124.16038,35.427062,-121.34299,36.677422;
549;478;14.330219,19.190491,57.867402,57.097183;
645;418;70.313545,65.890445,91.562597,79.661149;
926;555;13.793156,-10.475469,70.823848,23.705993;
720;360;2.9659421,-66.283088,30.457051,-52.537533;
383;863;-4.6756466,23.885321,4.437927,44.420606;
681;492;-76.611862,21.13673,-54.164366,37.354304;
887;429;118.42692,-50.7199,122.94082,-48.53674;
617;544;-18.547386,64.414868,-11.346781,70.763538;
705;926;-142.50808,-68.546564,-136.02808,-60.035247;
1008;354;-115.46058,-63.682664,-88.897718,-54.354041;
953;285;-171.81872,57.970251,-164.83313,60.059329;
963;426;-111.40107,-88.638623,-108.85679,-87.513117;
442;354;-17.249017,-47.983541,-15.383409,-46.489367;
983;1007;-85.4025,70.587721,-79.710226,76.418972;
582;509;-135.26663,75.35781,-127.64884,82.020105;
934;479;137.60494,-83.618994,139.5647,-82.613934;
1017;449;-159.4305,-6.9166787,-154.53826,-4.756779;
298;714;-42.386016,-61.585034,-40.105527,-56.121042;
693;993;120.87536,34.642766,137.44277,58.382217;
996;988;-95.898122,-50.536322,-89.090869,-43.783746;
906;262;-48.157027,75.327607,1.1323815,89.581277;
433;994;-6.3345545,-51.347851,-1.943423,-41.267517;
393;757;-42.365291,85.159605,-41.519207,86.789338;
659;628;169.22272,65.624598,174.05272,70.227384;
627;851;34.611719,-40.562288,88.597464,32.710231;
770;856;-143.46561,50.994271,-126.53696,69.813652;
580;894;46.427345,-32.635451,49.001425,-28.667817;
698;783;88.133593,-77.629668,123.20216,-38.290578;
1014;937;63.53078,67.461275,74.24572,77.362555;
535;963;150.95817,-9.0269761,177.02834,37.899334;
487;682;-154.3708,-40.185724,-140.05642,-20.139714;
455;462;-107.79071,43.700832,-87.85034,63.947979;
830;768;29.321555,-31.966081,75.820825,11.059749;
470;278;-46.101819,81.762206,-45.121243,82.342207;
953;597;19.387324,24.65115,25.753672,28.639303;
443;277;-132.6885,-45.639607,-94.092388,-21.506145;
671;327;91.879303,-26.683631,103.57309,-20.984871;
476;471;-64.765083,-79.121188,-61.352841,-75.744789;
444;574;139.61522,80.674314,140.67065,82.038758;
1013;957;65.405701,-41.615769,69.434143,-37.810025;
686;654;-46.795802,-42.264386,-42.904262,-38.554375;
393;791;113.13092,61.73613,117.90418,71.343391;
305;638;-129.97369,58.993478,-127.60213,63.954309;
471;549;-100.24706,20.839489,-87.849398,35.29027;
986;676;131.18045,69.064525,151.91546,83.280415;
315;716;87.418107,-42.281017,93.21647,-29.101246;
926;776;-97.732983,-77.356128,-83.666717,-65.568415;
529;959;-74.169809,-31.275232,-57.703581,-1.4243576;
640;953;-147.50193,-15.369737,-144.15987,-10.393197;
732;692;-41.290639,-21.685388,-31.130622,-12.080563;
329;924;-64.406766,-69.733956,-48.34843,-24.633949;
780;369;147.90478,-9.6926132,151.94815,-7.7797905;
456;667;-137.75998,-41.602128,-126.79161,-25.558484;
338;1020;36.261201,34.04359,41.368105,49.454959;
654;708;-42.098022,-59.110288,20.525135,8.683588;
449;403;-2.2139665,-66.571927,1.4512229,-63.282236;
906;654;-163.3258,33.453168,-160.99903,35.132757;
691;973;53.905433,44.005324,58.315469,50.215113;
337;519;67.39611,32.075438,68.320095,33.498431;
848;509;-166.3426,20.191451,-112.99792,52.210841;
569;784;124.99906,86.139903,126.56071,88.291629;
628;918;-18.505228,-56.090576,-5.9075822,-37.675545;
340;354;27.118087,71.169971,39.262107,83.814039;
683;606;-100.39314,-23.349101,-98.84928,-21.979293;
459;965;-131.08473,3.3619461,-91.580897,86.414678;
899;525;-69.023834,43.310244,-40.998772,59.676382;
817;558;-168.70422,28.894245,-133.81507,52.723063;
1009;680;-66.197746,28.198298,-55.910323,35.131348;
806;905;50.218674,-19.766506,55.83534,-13.45995;
421;514;-49.688966,64.158564,-35.848656,81.056235;
658;461;-74.995831,15.800589,-71.802076,18.03816;
279;991;-69.112715,-23.070346,-60.797275,6.4658585;
385;730;153.26388,-58.006651,167.71148,-30.612502;
466;602;-70.456649,77.88625,-67.218584,82.06933;
393;535;67.758068,-21.753456,68.707547,-20.460908;
315;470;26.529178,-41.270183,29.998752,-36.093359;
950;399;-78.912588,-10.74013,-61.778032,-3.5436165;
291;816;-174.09174,3.7053185,-171.83067,10.045626;
411;300;96.125427,-61.315438,128.63416,-37.586433;
943;840;-168.82314,35.191499,-135.4275,64.939477;
444;961;-139.16355,-19.367582,-123.36991,14.816399;
351;653;134.53687,-41.709212,135.61851,-39.696916;
659;938;47.075558,-66.443366,52.82087,-58.265668;
751;404;-70.132858,-79.587163,-67.642823,-78.24765;
860;656;122.69318,14.394551,175.4364,54.626582;
482;918;47.325522,-63.814725,54.537251,-50.079524;
946;550;25.839565,28.397643,30.554617,31.138953;
683;797;132.97652,-60.047187,139.74557,-52.148319;
1005;967;-84.718839,-51.528213,-82.530137,-49.422268;
958;1012;-113.34426,46.389543,-111.3695,48.475607;
591;1002;-17.998774,-15.202788,27.821735,62.482746;
1013;721;-84.212038,61.208565,-71.560378,70.213349;
593;948;118.19792,10.079451,135.12017,37.132224;
670;886;6.333986,-2.0886359,11.309484,4.4909027;
443;653;0.67642277,54.654514,7.1343351,64.173739;
982;862;151.49761,-27.843171,160.80385,-19.674149;
914;763;-99.119634,-7.4023804,-84.868098,4.4946895;
936;407;-34.764477,-47.759653,44.230981,-13.410132;
1006;720;31.691384,-17.133119,60.591545,3.5508929;
378;929;116.40907,-28.166667,119.23797,-21.21415;
673;459;-59.732585,-55.393692,-24.780788,-31.555839;
707;634;86.83658,-33.417235,117.99229,-5.4784527;
955;881;35.832866,-32.740171,37.846489,-30.882578;
905;442;-125.48897,-20.756497,-121.43285,-18.775496;
837;747;-37.454152,83.899649,-34.408748,86.61759;
985;998;-52.774513,-56.789268,6.2401784,3.0042975;
1020;417;-71.606443,-23.533126,-68.441722,-22.239313;
547;590;69.159686,25.942526,99.057115,58.19021;
971;834;163.52291,-82.496764,172.42927,-74.847013;
863;469;-162.59041,-30.96361,-148.80637,-23.472634;
889;584;-59.571149,-71.613027,-56.023996,-69.282838;
